-- phpMyAdmin SQL Dump
-- version 5.2.1
-- https://www.phpmyadmin.net/
--
-- Host: 127.0.0.1:3306
-- Generation Time: Feb 21, 2024 at 01:43 AM
-- Server version: 10.11.6-MariaDB-cll-lve
-- PHP Version: 7.2.34

SET SQL_MODE = "NO_AUTO_VALUE_ON_ZERO";
START TRANSACTION;
SET time_zone = "+00:00";


/*!40101 SET @OLD_CHARACTER_SET_CLIENT=@@CHARACTER_SET_CLIENT */;
/*!40101 SET @OLD_CHARACTER_SET_RESULTS=@@CHARACTER_SET_RESULTS */;
/*!40101 SET @OLD_COLLATION_CONNECTION=@@COLLATION_CONNECTION */;
/*!40101 SET NAMES utf8mb4 */;

--
-- Database: `u408105443_rrrcadastre`
--

-- --------------------------------------------------------

--
-- Table structure for table `critics`
--

CREATE TABLE `critics` (
  `id` int(11) NOT NULL,
  `critics` varchar(5000) DEFAULT NULL,
  `created_at` timestamp NULL DEFAULT current_timestamp()
) ENGINE=InnoDB DEFAULT CHARSET=utf8mb4 COLLATE=utf8mb4_general_ci;

--
-- Dumping data for table `critics`
--

INSERT INTO `critics` (`id`, `critics`, `created_at`) VALUES
(4, 'Tes', '2024-02-16 07:20:39');

-- --------------------------------------------------------

--
-- Table structure for table `linked_uri`
--

CREATE TABLE `linked_uri` (
  `parcel_id` varchar(50) NOT NULL,
  `id_keyword` int(11) NOT NULL
) ENGINE=InnoDB DEFAULT CHARSET=utf8mb4 COLLATE=utf8mb4_general_ci;

--
-- Dumping data for table `linked_uri`
--

INSERT INTO `linked_uri` (`parcel_id`, `id_keyword`) VALUES
('3578071002010207', 42),
('3578071002010207', 40),
('3573031005010105', 39),
('3573031005010105', 43),
('3573031005010104', 39),
('3573031005010104', 43),
('3573031005010103', 39),
('3573031005010103', 43),
('3573031005010116', 39),
('3573031005010116', 43),
('3573031005010115', 43),
('3573031005010115', 39),
('3573031005010114', 39),
('3573031005010114', 43),
('3573031005010202', 39),
('3573031005010202', 43),
('3573031005010203', 39),
('3573031005010203', 43),
('3573031005010204', 39),
('3573031005010204', 43),
('3573031005010205', 39),
('3573031005010205', 43),
('3573031005010206', 39),
('3573031005010206', 43),
('3573031005010207', 39),
('3573031005010207', 43),
('3573031005010208', 39),
('3573031005010208', 43),
('3573031005010209', 39),
('3573031005010209', 43),
('3573031005010210', 39),
('3573031005010210', 43),
('3573031005010211', 39),
('3573031005010211', 43),
('3573031005010213', 39),
('3573031005010213', 43),
('3573031005010212', 39),
('3573031005010212', 43),
('3573031005010201', 39),
('3573031005010201', 43),
('3573031005010301', 39),
('3573031005010301', 43),
('3573031005010215', 39),
('3573031005010215', 43),
('3573031005010216', 39),
('3573031005010216', 43),
('3573031005010217', 39),
('3573031005010217', 43),
('3573031005010218', 39),
('3573031005010218', 43),
('3573031005010219', 39),
('3573031005010219', 43),
('3573031005010220', 39),
('3573031005010220', 43),
('3573031005010221', 39),
('3573031005010221', 43),
('3573031005010222', 39),
('3573031005010222', 43),
('3573031005010223', 39),
('3573031005010223', 43),
('3573031005010224', 39),
('3573031005010224', 43),
('3573031005010225', 39),
('3573031005010225', 43),
('3573031005010226', 39),
('3573031005010226', 43),
('3573031005010214', 39),
('3573031005010214', 43),
('3573031005010110', 39),
('3573031005010110', 43),
('3573031005010302', 39),
('3573031005010302', 43),
('3573031005010303', 39),
('3573031005010303', 43),
('3573031005010304', 39),
('3573031005010304', 43),
('3573031005010305', 39),
('3573031005010305', 43),
('3573031005010306', 39),
('3573031005010306', 43),
('3573031005010307', 39),
('3573031005010307', 43),
('3573031005010308', 39),
('3573031005010308', 43),
('3573031005010314', 39),
('3573031005010314', 43),
('3573031005010309', 39),
('3573031005010309', 43),
('3573031005010310', 39),
('3573031005010310', 43),
('3573031005010311', 39),
('3573031005010311', 43),
('3573031005010312', 39),
('3573031005010312', 43),
('3573031005010313', 39),
('3573031005010313', 43),
('3573031005010315', 39),
('3573031005010315', 43),
('3573031005010316', 39),
('3573031005010316', 43),
('3573031005010317', 39),
('3573031005010317', 43),
('3573031005010318', 39),
('3573031005010318', 43),
('3573031005010319', 39),
('3573031005010319', 43),
('3573031005010320', 39),
('3573031005010320', 43),
('3573031005010321', 39),
('3573031005010321', 43),
('3573031005010322', 39),
('3573031005010322', 43),
('3573031005010323', 39),
('3573031005010323', 43),
('3573031005010324', 39),
('3573031005010324', 43),
('3573031005010325', 39),
('3573031005010325', 43),
('3573031005010326', 39),
('3573031005010326', 43),
('3573031005010401', 39),
('3573031005010401', 43),
('3573031005010414', 39),
('3573031005010414', 43),
('3573031005010111', 39),
('3573031005010111', 43),
('3573031005010109', 39),
('3573031005010109', 43),
('3573031005010108', 39),
('3573031005010108', 43),
('3573031005010101', 39),
('3573031005010101', 43),
('3573031005010107', 39),
('3573031005010107', 43),
('3573031005010501', 39),
('3573031005010501', 43),
('3573031005010514', 39),
('3573031005010514', 43),
('3578071002010104', 42),
('3578071002010104', 40),
('3578071002010203', 42),
('3578071002010203', 40),
('3578071002010303', 42),
('3578071002010303', 40),
('3578071002010103', 42),
('3578071002010103', 40),
('3573031005010402', 39),
('3573031005010402', 43),
('3573031005010403', 39),
('3573031005010403', 43),
('3573031005010404', 39),
('3573031005010404', 43),
('3573031005010405', 39),
('3573031005010405', 43),
('3573031005010406', 39),
('3573031005010406', 43),
('3573031005010407', 39),
('3573031005010407', 43),
('3573031005010408', 39),
('3573031005010408', 43),
('3573031005010409', 39),
('3573031005010409', 43),
('3573031005010410', 39),
('3573031005010410', 43),
('3573031005010411', 39),
('3573031005010411', 43),
('3573031005010412', 39),
('3573031005010412', 43),
('3573031005010413', 39),
('3573031005010413', 43),
('3573031005010415', 39),
('3573031005010415', 43),
('3573031005010416', 39),
('3573031005010416', 43),
('3573031005010417', 39),
('3573031005010417', 43),
('3573031005010418', 39),
('3573031005010418', 43),
('3573031005010419', 39),
('3573031005010419', 43),
('3573031005010420', 39),
('3573031005010420', 43),
('3573031005010421', 39),
('3573031005010421', 43),
('3573031005010422', 39),
('3573031005010422', 43),
('3573031005010423', 39),
('3573031005010423', 43),
('3573031005010424', 39),
('3573031005010424', 43),
('3573031005010425', 39),
('3573031005010425', 43),
('3573031005010426', 39),
('3573031005010426', 43),
('3573031005010502', 39),
('3573031005010502', 43),
('3573031005010503', 39),
('3573031005010503', 43),
('3573031005010504', 39),
('3573031005010504', 43),
('3573031005010505', 39),
('3573031005010505', 43),
('3573031005010506', 39),
('3573031005010506', 43),
('3573031005010507', 39),
('3573031005010507', 43),
('3573031005010508', 39),
('3573031005010508', 43),
('3573031005010509', 39),
('3573031005010509', 43),
('3573031005010510', 39),
('3573031005010510', 43),
('3573031005010511', 39),
('3573031005010511', 43),
('3573031005010512', 39),
('3573031005010512', 43),
('3573031005010513', 39),
('3573031005010513', 43),
('3573031005010518', 39),
('3573031005010518', 43),
('3573031005010519', 39),
('3573031005010519', 43),
('3573031005010520', 39),
('3573031005010520', 43),
('3573031005010521', 39),
('3573031005010521', 43),
('3573031005010522', 39),
('3573031005010522', 43),
('3573031005010523', 39),
('3573031005010523', 43),
('3573031005010524', 39),
('3573031005010524', 43),
('3573031005010525', 39),
('3573031005010525', 43),
('3573031005010526', 39),
('3573031005010526', 43),
('3573031005010515', 39),
('3573031005010515', 43),
('3573031005010516', 39),
('3573031005010516', 43),
('3573031005010517', 39),
('3573031005010517', 43),
('3578071002010402', 42),
('3578071002010402', 40),
('3578071002010501', 42),
('3578071002010501', 40),
('3578071002010401', 42),
('3578071002010401', 40),
('3578071002010403', 42),
('3578071002010403', 40),
('3578071002010302', 42),
('3578071002010302', 40),
('3578071002010307', 42),
('3578071002010307', 40),
('3578071002010306', 42),
('3578071002010306', 40),
('3578071002010305', 42),
('3578071002010305', 40),
('3578071002010202', 42),
('3578071002010202', 40),
('3578071002010301', 42),
('3578071002010301', 40),
('3578071002010205', 42),
('3578071002010205', 40),
('3578071002010204', 42),
('3578071002010204', 40),
('3578071002010304', 42),
('3578071002010304', 40),
('3578071002010201', 42),
('3578071002010201', 40),
('3578071002010206', 42),
('3578071002010206', 40),
('3578071002010109', 42),
('3578071002010109', 40),
('3578071002010107', 42),
('3578071002010107', 40),
('3578071002010106', 42),
('3578071002010106', 40),
('3578071002010101', 42),
('3578071002010101', 40),
('3578071002010108', 42),
('3578071002010108', 40),
('3578071002010105', 42),
('3578071002010105', 40),
('3578071002010102', 42),
('3578071002010102', 40),
('3573031005010112', 39),
('3573031005010112', 43),
('3573031005010113', 39),
('3573031005010113', 43),
('3573031005010102', 39),
('3573031005010102', 43),
('3573031005010117', 39),
('3573031005010117', 43),
('3573031005010106', 39),
('3573031005010106', 43),
('35780710020101010', 42),
('35780710020101010', 40),
('3578071001010101', 42),
('3578071001010101', 41),
('3578071001010102', 42),
('3578071001010102', 41),
('3578071001010105', 42),
('3578071001010105', 41),
('3578071001010104', 42),
('3578071001010104', 41),
('3578071001010113', 42),
('3578071001010113', 41),
('3578071001010112', 42),
('3578071001010112', 41),
('3578071001010111', 42),
('3578071001010111', 41),
('3578071001010110', 42),
('3578071001010110', 41),
('3578071001010109', 42),
('3578071001010109', 41),
('3578071001010108', 42),
('3578071001010108', 41),
('3578071001010107', 42),
('3578071001010107', 41),
('3578071001010106', 42),
('3578071001010106', 41),
('3578071001010103', 42),
('3578071001010103', 41),
('3578071001010001', 42),
('3578071001010001', 41),
('3578071001010003', 42),
('3578071001010003', 41),
('3578071001010006', 42),
('3578071001010006', 41),
('3578071001010007', 42),
('3578071001010007', 41),
('3578071001010009', 42),
('3578071001010009', 41),
('3578071001010008', 42),
('3578071001010008', 41),
('3578071001010005', 42),
('3578071001010005', 41),
('3578071001010004', 42),
('3578071001010004', 41),
('3578071001010002', 42),
('3578071001010002', 41),
('357807100201BT', 42),
('357807100201BT', 40),
('357807100201BT', 45),
('35780710010101BT', 42),
('35780710010101BT', 41),
('35780710010101BT', 45),
('35730310050101BT', 39),
('35730310050101BT', 43),
('35730310050101BT', 45),
('35730310050101BB', 39),
('35730310050101BB', 43),
('35730310050101BB', 45),
('35780710010101BB', 42),
('35780710010101BB', 41),
('35780710010101BB', 45),
('357807100201BB', 42),
('357807100201BB', 40),
('357807100201BB', 45),
('35730310050101GSB', 39),
('35730310050101GSB', 43),
('35730310050101GSB', 45),
('35780710010101GSB', 42),
('35780710010101GSB', 41),
('35780710010101GSB', 45),
('357807100201GSB', 42),
('357807100201GSB', 40),
('357807100201GSB', 45);

-- --------------------------------------------------------

--
-- Table structure for table `parcel_table`
--

CREATE TABLE `parcel_table` (
  `id` int(11) NOT NULL,
  `parcel_id` varchar(50) NOT NULL,
  `parcel_name` varchar(250) DEFAULT NULL,
  `parcel_occupant` int(11) DEFAULT NULL
) ENGINE=InnoDB DEFAULT CHARSET=utf8mb4 COLLATE=utf8mb4_general_ci;

--
-- Dumping data for table `parcel_table`
--

INSERT INTO `parcel_table` (`id`, `parcel_id`, `parcel_name`, `parcel_occupant`) VALUES
(550615, '3578071001010101', 'Tourism Information Center', NULL),
(558371, '3578071001010102', 'PISA (Pusat Informasi Sahabat Anak)', NULL),
(559588, '3578071001010103', 'public space', NULL),
(560626, '3578071001010105', 'Main Room', NULL),
(592037, '3578071001010106', 'Back Main Room', NULL),
(595885, '3578071001010108', 'Staff Office', NULL),
(596362, '3578071001010109', 'Storage', NULL),
(596892, '3578071001010110', 'Bengkel Muda Surabaya', NULL),
(598132, '3578071001010111', 'Hallway', NULL),
(598583, '35730310050101BT', 'Upperground space', NULL),
(598698, '35730310050101BB', 'Underground space', NULL),
(599276, '3573031005010101', 'Shared Space 1st floor', NULL),
(599448, '3578071001010112', 'DKS Gallery', NULL),
(599584, '3573031005010117', 'Parking', NULL),
(599642, '3573031005010102', 'Warehouse', NULL),
(599868, '3573031005010116', 'Unit A.1.03', 21),
(599963, '3573031005010115', 'Unit A.1.02', 20),
(600045, '3573031005010114', 'Unit A.1.01', 19),
(600145, '3573031005010113', 'Manager Room', NULL),
(600222, '3573031005010112', 'Panel Room', NULL),
(600292, '3573031005010111', 'Parking', NULL),
(600414, '3573031005010109', 'Jantor 1st floor', NULL),
(600819, '3578071001010104', 'Mathematics House', NULL),
(600975, '3573031005010110', 'Trash Bin 1st floor', NULL),
(601254, '3578071001010113', 'Merah Putih Gallery', NULL),
(601694, '3573031005010106', 'Office', NULL),
(601835, '3573031005010107', 'Toilet 1st floor', NULL),
(601952, '3573031005010108', 'Prayer room ', NULL),
(602333, '3573031005010201', 'Shared Space 2nd floor', NULL),
(602474, '3573031005010214', 'Trash Bin 2nd floor', NULL),
(606558, '3573031005010301', 'Shared Space  3rd floor', NULL),
(606910, '3573031005010314', 'Trash Bin 3rd floor', NULL),
(606926, '3573031005010414', 'Trash Bin 4th floor', NULL),
(606942, '3573031005010514', 'Trash Bin 5th floor', NULL),
(607296, '3573031005010401', 'Shared Space 4th floor', NULL),
(607326, '3573031005010501', 'Shared Space 5th floor', NULL),
(609329, '3578071001010009', 'Indoor Skateboard', NULL),
(610016, '3578071001010008', 'Central doorway', NULL),
(610552, '3578071001010005', 'Entrance Door', NULL),
(611250, '3578071001010006', 'Exhibition space', NULL),
(611746, '3578071001010007', 'Below Space', NULL),
(612232, '3578071001010002', 'Hallway', NULL),
(612619, '3578071001010001', 'Elevator', NULL),
(613040, '3578071001010003', 'Toilet', NULL),
(613441, '3578071001010004', 'Operator Room', NULL),
(615229, '35730310050101GSB', 'Building boundary line', NULL),
(618222, '3573031005010516', 'Unit A.5.23', 117),
(618223, '3573031005010517', 'Unit A.5.24', 118),
(618224, '3573031005010518', 'Unit A.5.13', 107),
(618225, '3573031005010519', 'Unit A.5.14', 108),
(618226, '3573031005010520', 'Unit A.5.15', 109),
(618227, '3573031005010521', 'Unit A.5.16', 110),
(618228, '3573031005010522', 'Unit A.5.17', 111),
(618229, '3573031005010523', 'Unit A.5.18', 112),
(618230, '3573031005010524', 'Unit A.5.19', 113),
(618231, '3573031005010525', 'Unit A.5.20', 114),
(618232, '3573031005010526', 'Unit A.5.21', 115),
(618233, '3573031005010515', 'Unit A.5.22', 116),
(618333, '3573031005010416', 'Unit A.4.14', 84),
(618334, '3573031005010417', 'Unit A.4.15', 85),
(618335, '3573031005010418', 'Unit A.4.16', 86),
(618336, '3573031005010419', 'Unit A.4.17', 87),
(618337, '3573031005010420', 'Unit A.4.18', 88),
(618338, '3573031005010421', 'Unit A.4.19', 89),
(618339, '3573031005010422', 'Unit A.4.20', 34),
(618340, '3573031005010423', 'Unit A.4.21', 91),
(618341, '3573031005010424', 'Unit A.4.22', 92),
(618342, '3573031005010425', 'Unit A.4.23', 93),
(618343, '3573031005010426', 'Unit A.4.24', 94),
(618344, '3573031005010415', 'Unit A.4.13', 83),
(618444, '3573031005010316', 'Unit A.3.14', 60),
(618445, '3573031005010317', 'Unit A.3.15', 61),
(618446, '3573031005010318', 'Unit A.3.16', 62),
(618447, '3573031005010319', 'Unit A.3.17', 63),
(618448, '3573031005010320', 'Unit A.3.18', 64),
(618449, '3573031005010321', 'Unit A.3.19', 65),
(618450, '3573031005010322', 'Unit A.3.20', 66),
(618451, '3573031005010323', 'Unit A.3.21', 67),
(618452, '3573031005010324', 'Unit A.3.22', 68),
(618453, '3573031005010325', 'Unit A.3.23', 69),
(618454, '3573031005010326', 'Unit A.3.24', 70),
(618455, '3573031005010315', 'Unit A.3.13', 59),
(618555, '3573031005010216', 'Unit A.2.14', 36),
(618556, '3573031005010217', 'Unit A.2.15', 37),
(618557, '3573031005010218', 'Unit A.2.16', 38),
(618558, '3573031005010219', 'Unit A.2.17', 39),
(618559, '3573031005010220', 'Unit A.2.18', 40),
(618560, '3573031005010221', 'Unit A.2.19', 41),
(618561, '3573031005010222', 'Unit A.2.20', 42),
(618562, '3573031005010223', 'Unit A.2.21', 43),
(618563, '3573031005010224', 'Unit A.2.22', 44),
(618564, '3573031005010225', 'Unit A.2.23', 45),
(618565, '3573031005010226', 'Unit A.2.24', 46),
(618566, '3573031005010215', 'Unit A.2.13', 35),
(618690, '3573031005010502', 'Unit A.5.01', 95),
(618691, '3573031005010504', 'Unit A.5.03', 97),
(618692, '3573031005010505', 'Unit A.5.04', 98),
(618693, '3573031005010506', 'Unit A.5.05', 99),
(618694, '3573031005010507', 'Unit A.5.06', 100),
(618695, '3573031005010508', 'Unit A.5.07', 101),
(618696, '3573031005010509', 'Unit A.5.08', 102),
(618697, '3573031005010510', 'Unit A.5.09', 103),
(618698, '3573031005010511', 'Unit A.5.10', 104),
(618699, '3573031005010513', 'Unit A.5.12', 106),
(618700, '3573031005010503', 'Unit A.5.02', 96),
(618701, '3573031005010512', 'Unit A.5.11', 105),
(618801, '3573031005010402', 'Unit A.4.01', 71),
(618802, '3573031005010404', 'Unit A.4.03', 73),
(618803, '3573031005010405', 'Unit A.4.04', 74),
(618804, '3573031005010406', 'Unit A.4.05', 75),
(618805, '3573031005010407', 'Unit A.4.06', 76),
(618806, '3573031005010408', 'Unit A.4.07', 77),
(618807, '3573031005010409', 'Unit A.4.08', 78),
(618808, '3573031005010410', 'Unit A.4.09', 79),
(618809, '3573031005010411', 'Unit A.4.10', 80),
(618810, '3573031005010413', 'Unit A.4.12', 82),
(618811, '3573031005010403', 'Unit A.4.02', 72),
(618812, '3573031005010412', 'Unit A.4.11', 81),
(618912, '3573031005010302', 'Unit A.3.01', 47),
(618913, '3573031005010304', 'Unit A.3.03', 49),
(618914, '3573031005010305', 'Unit A.3.04', 50),
(618915, '3573031005010306', 'Unit A.3.05', 51),
(618916, '3573031005010307', 'Unit A.3.06', 52),
(618917, '3573031005010308', 'Unit A.3.07', 53),
(618918, '3573031005010309', 'Unit A.3.08', 54),
(618919, '3573031005010310', 'Unit A.3.09', 55),
(618920, '3573031005010311', 'Unit A.3.10', 56),
(618921, '3573031005010313', 'Unit A.3.12', 58),
(618922, '3573031005010303', 'Unit A.3.02', 48),
(618923, '3573031005010312', 'Unit A.3.11', 57),
(619134, '3573031005010202', 'Unit A.2.01', 23),
(619135, '3573031005010204', 'Unit A.2.03', 25),
(619136, '3573031005010205', 'Unit A.2.04', 26),
(619137, '3573031005010206', 'Unit A.2.05', 27),
(619138, '3573031005010207', 'Unit A.2.06', 28),
(619139, '3573031005010208', 'Unit A.2.07', 29),
(619140, '3573031005010209', 'Unit A.2.08', 30),
(619141, '3573031005010210', 'Unit A.2.09', 31),
(619142, '3573031005010211', 'Unit A.2.10', 32),
(619143, '3573031005010212', 'Unit A.2.12', 34),
(619144, '3573031005010203', 'Unit A.2.02', 24),
(619145, '3573031005010213', 'Unit A.2.11', 33),
(619194, '3573031005010104', 'Commercial K2', NULL),
(619195, '3573031005010103', 'Commercial K3', NULL),
(619196, '3573031005010105', 'Commercial K1', NULL),
(639829, '3578071001010107', 'UPT Balai Pemuda', NULL),
(670768, '35780710010101BB', 'Underground space', NULL),
(671122, '35780710010101BT', 'Upperground space', NULL),
(700690, '01HNJTPGK9HQHBAMDGJ14QVAZH', 'Tourism Information Center', NULL),
(701720, '35780710010101GSB', 'Building boundary line', NULL),
(817240, '3578071002010101', 'Kriya Gallery', NULL),
(820143, '3578071002010106', 'Museum', NULL),
(820815, '3578071002010104', 'Stairs', NULL),
(820896, '3578071002010103', 'Toilet Nursery', NULL),
(821077, '3578071002010107', 'UPTSA', NULL),
(821964, '3578071002010109', 'ATM 1st floor', NULL),
(823865, '3578071002010108', 'Emergency Staircase', NULL),
(825386, '3578071002010102', 'Shaft', NULL),
(826868, '35780710020101010', 'Pantry Room', NULL),
(829098, '3578071002010205', 'Disparta', NULL),
(829358, '3578071002010204', 'Command Center', NULL),
(830288, '3578071002010304', 'DPM', NULL),
(831096, '3578071002010305', 'Dispenduk', NULL),
(831440, '3578071002010302', 'Dispora', NULL),
(838147, '3578071002010202', 'Disperindag', NULL),
(839609, '3578071002010206', 'Dispendukcapil', NULL),
(840850, '3578071002010203', '2nd Floor Corridor', NULL),
(841116, '3578071002010201', 'Bridge 2nd floor', NULL),
(843868, '3578071002010303', '3rd Floor Corridor', NULL),
(847875, '3578071002010307', 'Dinkop', NULL),
(848368, '3578071002010306', 'Secretary Room', NULL),
(849039, '3578071002010401', 'Convention Hall 4th floor', NULL),
(849276, '3578071002010403', 'Dispusip', NULL),
(850924, '3578071002010501', 'Parking', NULL),
(886033, '3578071002010402', 'Shared Space 4th floor', NULL),
(910222, '357807100201BT', 'Upperground space', NULL),
(913870, '3578071002010207', 'L2.7 Ramp', NULL),
(914699, '3578071002010301', 'Bridge 3rd floor', NULL),
(915961, '357807100201BB', 'Underground space', NULL),
(919493, '3578071002010105', 'Shaft', NULL),
(921704, '357807100201GSB', 'Building boundary line', NULL);

-- --------------------------------------------------------

--
-- Table structure for table `residents_table`
--

CREATE TABLE `residents_table` (
  `id_resident` int(11) NOT NULL,
  `resident_type` enum('Individual','Entity') DEFAULT NULL,
  `resident_entity` varchar(255) DEFAULT NULL,
  `resident_code` varchar(255) NOT NULL,
  `resident_name` varchar(255) NOT NULL,
  `job_title` varchar(255) DEFAULT NULL,
  `resident_job` varchar(255) DEFAULT NULL,
  `resident_religion` varchar(255) DEFAULT NULL,
  `phone_number` varchar(15) DEFAULT NULL,
  `resident_address` longtext CHARACTER SET utf8mb4 COLLATE utf8mb4_bin DEFAULT NULL CHECK (json_valid(`resident_address`)),
  `started` date DEFAULT NULL,
  `finished` date DEFAULT NULL,
  `created_at` timestamp NULL DEFAULT NULL,
  `updated_at` timestamp NULL DEFAULT current_timestamp()
) ENGINE=InnoDB DEFAULT CHARSET=utf8mb4 COLLATE=utf8mb4_general_ci;

--
-- Dumping data for table `residents_table`
--

INSERT INTO `residents_table` (`id_resident`, `resident_type`, `resident_entity`, `resident_code`, `resident_name`, `job_title`, `resident_job`, `resident_religion`, `phone_number`, `resident_address`, `started`, `finished`, `created_at`, `updated_at`) VALUES
(19, 'Individual', NULL, '358000000000', 'Mochamad Sholeh', NULL, NULL, NULL, NULL, NULL, NULL, NULL, '2024-02-12 13:31:16', '2024-02-12 13:31:16'),
(20, 'Individual', NULL, '358000000000', 'Dewi Andrias', NULL, NULL, NULL, NULL, NULL, NULL, NULL, '2024-02-12 13:31:16', '2024-02-12 13:31:16'),
(21, 'Individual', NULL, '358000000000', 'Leo Sigit Prasetyo', NULL, NULL, NULL, NULL, NULL, NULL, NULL, '2024-02-12 13:31:16', '2024-02-12 13:31:16'),
(22, 'Individual', NULL, '358000000000', 'Wawan Hermanto', NULL, NULL, NULL, NULL, NULL, NULL, NULL, '2024-02-12 13:31:16', '2024-02-12 14:38:16'),
(23, 'Individual', NULL, '358000000000', 'Relman Laia', NULL, NULL, NULL, NULL, NULL, NULL, NULL, '2024-02-12 13:31:16', '2024-02-12 14:38:23'),
(24, 'Individual', NULL, '358000000000', 'Rani Setia Anggraeni', NULL, NULL, NULL, NULL, NULL, NULL, NULL, '2024-02-12 13:31:16', '2024-02-12 14:38:23'),
(25, 'Individual', NULL, '358000000000', 'Fatmawati', NULL, NULL, NULL, NULL, NULL, NULL, NULL, '2024-02-12 13:31:16', '2024-02-12 14:38:23'),
(26, 'Individual', NULL, '358000000000', 'Khrisna Budiarta', NULL, NULL, NULL, NULL, NULL, NULL, NULL, '2024-02-12 13:31:16', '2024-02-12 14:38:23'),
(27, 'Individual', NULL, '358000000000', 'Trio Prayogi', NULL, NULL, NULL, NULL, NULL, NULL, NULL, '2024-02-12 13:31:16', '2024-02-12 14:38:23'),
(28, 'Individual', NULL, '358000000000', 'Suparno', NULL, NULL, NULL, NULL, NULL, NULL, NULL, '2024-02-12 13:31:16', '2024-02-12 14:38:23'),
(29, 'Individual', NULL, '358000000000', 'Deri Rubys Anugerah', NULL, NULL, NULL, NULL, NULL, NULL, NULL, '2024-02-12 13:31:16', '2024-02-12 14:38:23'),
(30, 'Individual', NULL, '358000000000', 'Denny VIcky Kurniawan', NULL, NULL, NULL, NULL, NULL, NULL, NULL, '2024-02-12 13:31:16', '2024-02-12 14:38:23'),
(31, 'Individual', NULL, '358000000000', 'Afiful Haq', NULL, NULL, NULL, NULL, NULL, NULL, NULL, '2024-02-12 13:31:16', '2024-02-12 14:38:23'),
(32, 'Individual', NULL, '358000000000', 'Marwan', NULL, NULL, NULL, NULL, NULL, NULL, NULL, '2024-02-12 13:31:16', '2024-02-12 14:38:23'),
(33, 'Individual', NULL, '358000000000', 'Diah Susanti Udayana', NULL, NULL, NULL, NULL, NULL, NULL, NULL, '2024-02-12 13:31:16', '2024-02-12 14:38:23'),
(34, 'Individual', NULL, '358000000000', 'Agus Suroso', NULL, NULL, NULL, NULL, NULL, NULL, NULL, '2024-02-12 13:31:16', '2024-02-12 14:38:23'),
(35, 'Individual', NULL, '358000000000', 'Moch. Yusuf', NULL, NULL, NULL, NULL, NULL, NULL, NULL, '2024-02-12 13:31:16', '2024-02-12 14:38:23'),
(36, 'Individual', NULL, '358000000000', 'Sugianto', NULL, NULL, NULL, NULL, NULL, NULL, NULL, '2024-02-12 13:31:16', '2024-02-12 14:38:23'),
(37, 'Individual', NULL, '358000000000', 'Umbar Yulianto', NULL, NULL, NULL, NULL, NULL, NULL, NULL, '2024-02-12 13:31:16', '2024-02-12 14:38:23'),
(38, 'Individual', NULL, '358000000000', 'Aris Priyanto', NULL, NULL, NULL, NULL, NULL, NULL, NULL, '2024-02-12 13:31:16', '2024-02-12 14:38:23'),
(39, 'Individual', NULL, '358000000000', 'Edi Siswantoko', NULL, NULL, NULL, NULL, NULL, NULL, NULL, '2024-02-12 13:31:16', '2024-02-12 14:38:23'),
(40, 'Individual', NULL, '358000000000', 'Dian Aprilya', NULL, NULL, NULL, NULL, NULL, NULL, NULL, '2024-02-12 13:31:16', '2024-02-12 14:38:23'),
(41, 'Individual', NULL, '358000000000', 'Eko Budi Susanto', NULL, NULL, NULL, NULL, NULL, NULL, NULL, '2024-02-12 13:31:16', '2024-02-12 14:38:23'),
(42, 'Individual', NULL, '358000000000', 'Dedy Widianto', NULL, NULL, NULL, NULL, NULL, NULL, NULL, '2024-02-12 13:31:16', '2024-02-12 14:38:23'),
(43, 'Individual', NULL, '358000000000', 'Dany Suharmanto', NULL, NULL, NULL, NULL, NULL, NULL, NULL, '2024-02-12 13:31:16', '2024-02-12 14:38:23'),
(44, 'Individual', NULL, '358000000000', 'Krisdianto', NULL, NULL, NULL, NULL, NULL, NULL, NULL, '2024-02-12 13:31:16', '2024-02-12 14:38:23'),
(45, 'Individual', NULL, '358000000000', 'Diah Megawati', NULL, NULL, NULL, NULL, NULL, NULL, NULL, '2024-02-12 13:31:16', '2024-02-12 14:38:23'),
(46, 'Individual', NULL, '358000000000', 'Joko Waluyo', NULL, NULL, NULL, NULL, NULL, NULL, NULL, '2024-02-12 13:31:16', '2024-02-12 14:38:23'),
(47, 'Individual', NULL, '358000000000', 'Yuliana', NULL, NULL, NULL, NULL, NULL, NULL, NULL, '2024-02-12 13:31:16', '2024-02-12 14:38:23'),
(48, 'Individual', NULL, '358000000000', 'Achmad Zam Zam', NULL, NULL, NULL, NULL, NULL, NULL, NULL, '2024-02-12 13:31:16', '2024-02-12 14:38:23'),
(49, 'Individual', NULL, '358000000000', 'Suparlan', NULL, NULL, NULL, NULL, NULL, NULL, NULL, '2024-02-12 13:31:16', '2024-02-12 14:38:24'),
(50, 'Individual', NULL, '358000000000', 'Zainoel Answar', NULL, NULL, NULL, NULL, NULL, NULL, NULL, '2024-02-12 13:31:16', '2024-02-12 14:38:24'),
(51, 'Individual', NULL, '358000000000', 'Naser Risky', NULL, NULL, NULL, NULL, NULL, NULL, NULL, '2024-02-12 13:31:16', '2024-02-12 14:38:24'),
(52, 'Individual', NULL, '358000000000', 'Lucky Tiara Chandra', NULL, NULL, NULL, NULL, NULL, NULL, NULL, '2024-02-12 13:31:16', '2024-02-12 14:38:24'),
(53, 'Individual', NULL, '358000000000', 'Suprapto', NULL, NULL, NULL, NULL, NULL, NULL, NULL, '2024-02-12 13:31:16', '2024-02-12 14:38:24'),
(54, 'Individual', NULL, '358000000000', 'Betha Retanti', NULL, NULL, NULL, NULL, NULL, NULL, NULL, '2024-02-12 13:31:16', '2024-02-12 14:38:24'),
(55, 'Individual', NULL, '358000000000', 'Mustofa', NULL, NULL, NULL, NULL, NULL, NULL, NULL, '2024-02-12 13:31:16', '2024-02-12 14:38:24'),
(56, 'Individual', NULL, '358000000000', 'Aniwati', NULL, NULL, NULL, NULL, NULL, NULL, NULL, '2024-02-12 13:31:16', '2024-02-12 14:38:24'),
(57, 'Individual', NULL, '358000000000', 'Fajar Setiawan', NULL, NULL, NULL, NULL, NULL, NULL, NULL, '2024-02-12 13:31:16', '2024-02-12 14:38:24'),
(58, 'Individual', NULL, '358000000000', 'Murniningtijas', NULL, NULL, NULL, NULL, NULL, NULL, NULL, '2024-02-12 13:31:16', '2024-02-12 14:38:24'),
(59, 'Individual', NULL, '358000000000', 'Setyo Christina W', NULL, NULL, NULL, NULL, NULL, NULL, NULL, '2024-02-12 13:31:16', '2024-02-12 14:38:24'),
(60, 'Individual', NULL, '358000000000', 'Maryati', NULL, NULL, NULL, NULL, NULL, NULL, NULL, '2024-02-12 13:31:16', '2024-02-12 14:38:24'),
(61, 'Individual', NULL, '358000000000', 'Nova Eko Prastyo', NULL, NULL, NULL, NULL, NULL, NULL, NULL, '2024-02-12 13:31:16', '2024-02-12 14:38:24'),
(62, 'Individual', NULL, '358000000000', 'Triana', NULL, NULL, NULL, NULL, NULL, NULL, NULL, '2024-02-12 13:31:16', '2024-02-12 14:38:24'),
(63, 'Individual', NULL, '358000000000', 'Ridwan Hamsayu Satria Prakoso', NULL, NULL, NULL, NULL, NULL, NULL, NULL, '2024-02-12 13:31:16', '2024-02-12 14:38:24'),
(64, 'Individual', NULL, '358000000000', 'Lisnawati', NULL, NULL, NULL, NULL, NULL, NULL, NULL, '2024-02-12 13:31:16', '2024-02-12 14:38:24'),
(65, 'Individual', NULL, '358000000000', 'Wahyu Sukariyaningsih', NULL, NULL, NULL, NULL, NULL, NULL, NULL, '2024-02-12 13:31:16', '2024-02-12 14:38:24'),
(66, 'Individual', NULL, '358000000000', 'Mokhamad Ari Setyawan', NULL, NULL, NULL, NULL, NULL, NULL, NULL, '2024-02-12 13:31:16', '2024-02-12 14:38:24'),
(67, 'Individual', NULL, '358000000000', 'Danu Siswanto', NULL, NULL, NULL, NULL, NULL, NULL, NULL, '2024-02-12 13:31:16', '2024-02-12 14:38:24'),
(68, 'Individual', NULL, '358000000000', 'Hari Budi', NULL, NULL, NULL, NULL, NULL, NULL, NULL, '2024-02-12 13:31:16', '2024-02-12 14:38:24'),
(69, 'Individual', NULL, '358000000000', 'Asih Julia Hendrampuni', NULL, NULL, NULL, NULL, NULL, NULL, NULL, '2024-02-12 13:31:16', '2024-02-12 14:38:24'),
(70, 'Individual', NULL, '358000000000', 'Wiwik Supartinah', NULL, NULL, NULL, NULL, NULL, NULL, NULL, '2024-02-12 13:31:16', '2024-02-12 14:38:24'),
(71, 'Individual', NULL, '358000000000', 'Dian Sujatmiko', NULL, NULL, NULL, NULL, NULL, NULL, NULL, '2024-02-12 13:31:16', '2024-02-12 14:38:24'),
(72, 'Individual', NULL, '358000000000', 'Relly Pamungkas', NULL, NULL, NULL, NULL, NULL, NULL, NULL, '2024-02-12 13:31:16', '2024-02-12 14:38:24'),
(73, 'Individual', NULL, '358000000000', 'Aynurido', NULL, NULL, NULL, NULL, NULL, NULL, NULL, '2024-02-12 13:31:16', '2024-02-12 14:38:24'),
(74, 'Individual', NULL, '358000000000', 'Titik Margowati', NULL, NULL, NULL, NULL, NULL, NULL, NULL, '2024-02-12 13:31:16', '2024-02-12 14:38:24'),
(75, 'Individual', NULL, '358000000000', 'Soedarmadji', NULL, NULL, NULL, NULL, NULL, NULL, NULL, '2024-02-12 13:31:16', '2024-02-12 14:38:24'),
(76, 'Individual', NULL, '358000000000', 'Sudjono', NULL, NULL, NULL, NULL, NULL, NULL, NULL, '2024-02-12 13:31:16', '2024-02-12 14:38:24'),
(77, 'Individual', NULL, '358000000000', 'Pancoro Indyanto', NULL, NULL, NULL, NULL, NULL, NULL, NULL, '2024-02-12 13:31:16', '2024-02-12 14:38:24'),
(78, 'Individual', NULL, '358000000000', 'Isnawati Indriani', NULL, NULL, NULL, NULL, NULL, NULL, NULL, '2024-02-12 13:31:16', '2024-02-12 14:38:24'),
(79, 'Individual', NULL, '358000000000', 'Anang Kuswandi', NULL, NULL, NULL, NULL, NULL, NULL, NULL, '2024-02-12 13:31:16', '2024-02-12 14:38:24'),
(80, 'Individual', NULL, '358000000000', 'Dwi Indrawati', NULL, NULL, NULL, NULL, NULL, NULL, NULL, '2024-02-12 13:31:16', '2024-02-12 14:38:24'),
(81, 'Individual', NULL, '358000000000', 'Rachmad Tabah SUkoco', NULL, NULL, NULL, NULL, NULL, NULL, NULL, '2024-02-12 13:31:16', '2024-02-12 14:38:24'),
(82, 'Individual', NULL, '358000000000', 'Adi Satria', NULL, NULL, NULL, NULL, NULL, NULL, NULL, '2024-02-12 13:31:16', '2024-02-12 14:38:24'),
(83, 'Individual', NULL, '358000000000', 'Krisman Indra', NULL, NULL, NULL, NULL, NULL, NULL, NULL, '2024-02-12 13:31:16', '2024-02-12 14:38:24'),
(84, 'Individual', NULL, '358000000000', 'Rizal Effendi', NULL, NULL, NULL, NULL, NULL, NULL, NULL, '2024-02-12 13:31:16', '2024-02-12 14:38:24'),
(85, 'Individual', NULL, '358000000000', 'Mochamad Pausi', NULL, NULL, NULL, NULL, NULL, NULL, NULL, '2024-02-12 13:31:16', '2024-02-12 14:38:24'),
(86, 'Individual', NULL, '358000000000', 'Romi Cahyono', NULL, NULL, NULL, NULL, NULL, NULL, NULL, '2024-02-12 13:31:16', '2024-02-12 14:38:24'),
(87, 'Individual', NULL, '358000000000', 'Endro Sudiono', NULL, NULL, NULL, NULL, NULL, NULL, NULL, '2024-02-12 13:31:16', '2024-02-12 14:38:24'),
(88, 'Individual', NULL, '358000000000', 'Prasetijo Adam Marcianus', NULL, NULL, NULL, NULL, NULL, NULL, NULL, '2024-02-12 13:31:16', '2024-02-12 14:38:24'),
(89, 'Individual', NULL, '358000000000', 'Kholidul Azis', NULL, NULL, NULL, NULL, NULL, NULL, NULL, '2024-02-12 13:31:16', '2024-02-12 14:38:24'),
(90, 'Individual', NULL, '358000000000', 'Agus Suharto', NULL, NULL, NULL, NULL, NULL, NULL, NULL, '2024-02-12 13:31:16', '2024-02-12 14:38:24'),
(91, 'Individual', NULL, '358000000000', 'Anastasia Venny J', NULL, NULL, NULL, NULL, NULL, NULL, NULL, '2024-02-12 13:31:16', '2024-02-12 14:38:24'),
(92, 'Individual', NULL, '358000000000', 'Moch Dzikri Rathomy', NULL, NULL, NULL, NULL, NULL, NULL, NULL, '2024-02-12 13:31:16', '2024-02-12 14:38:24'),
(93, 'Individual', NULL, '358000000000', 'Anwar Tehuayo', NULL, NULL, NULL, NULL, NULL, NULL, NULL, '2024-02-12 13:31:16', '2024-02-12 14:38:24'),
(94, 'Individual', NULL, '358000000000', 'Kartini', NULL, NULL, NULL, NULL, NULL, NULL, NULL, '2024-02-12 13:31:16', '2024-02-12 14:38:24'),
(95, 'Individual', NULL, '358000000000', 'Resnati', NULL, NULL, NULL, NULL, NULL, NULL, NULL, '2024-02-12 13:31:16', '2024-02-12 14:38:24'),
(96, 'Individual', NULL, '358000000000', 'Aditya Hendrawan', NULL, NULL, NULL, NULL, NULL, NULL, NULL, '2024-02-12 13:31:16', '2024-02-12 14:38:24'),
(97, 'Individual', NULL, '358000000000', 'Arris', NULL, NULL, NULL, NULL, NULL, NULL, NULL, '2024-02-12 13:31:16', '2024-02-12 14:38:24'),
(98, 'Individual', NULL, '358000000000', 'Choirul Soleh', NULL, NULL, NULL, NULL, NULL, NULL, NULL, '2024-02-12 13:31:16', '2024-02-12 14:38:24'),
(99, 'Individual', NULL, '358000000000', 'Kisworo Ari Wibowo', NULL, NULL, NULL, NULL, NULL, NULL, NULL, '2024-02-12 13:31:16', '2024-02-12 14:38:24'),
(100, 'Individual', NULL, '358000000000', 'Sukarno', NULL, NULL, NULL, NULL, NULL, NULL, NULL, '2024-02-12 13:31:16', '2024-02-12 14:38:25'),
(101, 'Individual', NULL, '358000000000', 'Budi Susanto', NULL, NULL, NULL, NULL, NULL, NULL, NULL, '2024-02-12 13:31:16', '2024-02-12 14:38:25'),
(102, 'Individual', NULL, '358000000000', 'Yanto', NULL, NULL, NULL, NULL, NULL, NULL, NULL, '2024-02-12 13:31:16', '2024-02-12 14:38:25'),
(103, 'Individual', NULL, '358000000000', 'Sandi Hadi Susanto', NULL, NULL, NULL, NULL, NULL, NULL, NULL, '2024-02-12 13:31:16', '2024-02-12 14:38:25'),
(104, 'Individual', NULL, '358000000000', 'Dwi Yulianto Binawan', NULL, NULL, NULL, NULL, NULL, NULL, NULL, '2024-02-12 13:31:16', '2024-02-12 14:38:25'),
(105, 'Individual', NULL, '358000000000', 'Bagus Hendi Christanto', NULL, NULL, NULL, NULL, NULL, NULL, NULL, '2024-02-12 13:31:16', '2024-02-12 14:38:25'),
(106, 'Individual', NULL, '358000000000', 'Judha Bagus Prasetyo', NULL, NULL, NULL, NULL, NULL, NULL, NULL, '2024-02-12 13:31:16', '2024-02-12 14:38:25'),
(107, 'Individual', NULL, '358000000000', 'Nur Djunaidi', NULL, NULL, NULL, NULL, NULL, NULL, NULL, '2024-02-12 13:31:16', '2024-02-12 14:38:25'),
(108, 'Individual', NULL, '358000000000', 'Nanang Supriono', NULL, NULL, NULL, NULL, NULL, NULL, NULL, '2024-02-12 13:31:16', '2024-02-12 14:38:25'),
(109, 'Individual', NULL, '358000000000', 'Sunardi', NULL, NULL, NULL, NULL, NULL, NULL, NULL, '2024-02-12 13:31:16', '2024-02-12 14:38:25'),
(110, 'Individual', NULL, '358000000000', 'Achmad Fahmi A', NULL, NULL, NULL, NULL, NULL, NULL, NULL, '2024-02-12 13:31:16', '2024-02-12 14:38:25'),
(111, 'Individual', NULL, '358000000000', 'Djodi Surya Pamungkas', NULL, NULL, NULL, NULL, NULL, NULL, NULL, '2024-02-12 13:31:16', '2024-02-12 14:38:25'),
(112, 'Individual', NULL, '358000000000', 'Elus', NULL, NULL, NULL, NULL, NULL, NULL, NULL, '2024-02-12 13:31:16', '2024-02-12 14:38:25'),
(113, 'Individual', NULL, '358000000000', 'Eko Purnomo W', NULL, NULL, NULL, NULL, NULL, NULL, NULL, '2024-02-12 13:31:16', '2024-02-12 14:38:25'),
(114, 'Individual', NULL, '358000000000', 'Yudhi Handoyoputro', NULL, NULL, NULL, NULL, NULL, NULL, NULL, '2024-02-12 13:31:16', '2024-02-12 14:38:25'),
(115, 'Individual', NULL, '358000000000', 'Doni Arianto', NULL, NULL, NULL, NULL, NULL, NULL, NULL, '2024-02-12 13:31:16', '2024-02-12 14:38:25'),
(116, 'Individual', NULL, '358000000000', 'Dewi Ratih Ayu Rachmani', NULL, NULL, NULL, NULL, NULL, NULL, NULL, '2024-02-12 13:31:16', '2024-02-12 14:38:25'),
(117, 'Individual', NULL, '358000000000', 'Laga Widya Eka Putera', NULL, NULL, NULL, NULL, NULL, NULL, NULL, '2024-02-12 13:31:16', '2024-02-12 14:38:25'),
(118, 'Individual', NULL, '358000000000', 'Wawan Hermanto', NULL, NULL, NULL, NULL, NULL, NULL, NULL, '2024-02-12 13:31:16', '2024-02-12 14:38:25');

-- --------------------------------------------------------

--
-- Table structure for table `uri_table`
--

CREATE TABLE `uri_table` (
  `id_keyword` int(11) NOT NULL,
  `word_name` varchar(250) NOT NULL,
  `slug` varchar(250) NOT NULL,
  `isUrl` varchar(50) NOT NULL DEFAULT 'false',
  `uri_content` varchar(5000) NOT NULL
) ENGINE=InnoDB DEFAULT CHARSET=utf8mb4 COLLATE=utf8mb4_general_ci;

--
-- Dumping data for table `uri_table`
--

INSERT INTO `uri_table` (`id_keyword`, `word_name`, `slug`, `isUrl`, `uri_content`) VALUES
(36, 'Latitude', 'latitude', 'true', 'https://wikipedia.org/wiki/Latitude'),
(37, 'Longitude', 'longitude', 'true', 'https://wikipedia.org/wiki/Longitude'),
(39, 'Rumah Susun', 'rumah-susun', 'true', 'https://id.wikipedia.org/wiki/Rumah_susun'),
(40, 'Siola Building', 'siola-building', 'true', 'https://id.wikipedia.org/wiki/Siola'),
(41, 'Balai Pemuda Surabaya', 'balai-pemuda-surabaya', 'true', 'https://disbudporapar.surabaya.go.id/adinda/portaldata/cagarbudaya/detail/balai-pemuda-surabaya'),
(42, 'Surabaya', 'surabaya', 'true', 'https://en.wikipedia.org/wiki/Surabaya'),
(43, 'Malang', 'malang', 'true', 'https://id.wikipedia.org/wiki/Kota_Malang'),
(44, 'what is domain', 'what-is-domain', 'false', '<h2>What is a domain name?</h2><p>A domain name is a string of text that maps to an alphanumeric IP address, used to access a website from client software. In plain English, a domain name is the text that a user types into a browser window to reach a particular website. For instance, the domain name for Google is ‘google.com’.</p><p>The actual address of a website is a complex numerical IP address (e.g. 192.0.2.2), but thanks to DNS, users are able to enter human-friendly domain names and be routed to the websites they are looking for. This process is known as a DNS lookup.</p><figure class=\"image\"><img style=\"aspect-ratio:1024/506;\" src=\"/assets/img/uploads/1708066244_url-structure.jpg\" width=\"1024\" height=\"506\"></figure><h3>Who manages domain names?</h3><p>Domain names are all managed by domain registries, which delegate the reservation of domain names to registrars. Anyone who wants to create a website can register a domain name with a registrar, and there are currently over 300 million registered domain names.</p><h3>What is the difference between a domain name and a URL?</h3><p>A uniform resource locator (URL), sometimes called a web address, contains the domain name of a site as well as other information, including the protocol and the path. For example, in the URL ‘https://cloudflare.com/learning/’, ‘cloudflare.com’ is the domain name, while ‘https’ is the protocol and ‘/learning/’ is the path to a specific page on the website.</p><figure class=\"image\"><img style=\"aspect-ratio:1068/792;\" src=\"/assets/img/uploads/1708066215_how-do-domain-names-work.png\" width=\"1068\" height=\"792\"></figure>'),
(45, 'Legal space building', 'legal-space-building', 'false', '<h2>Legal space building</h2><p>Before discussing the right to space on land more deeply, one needs to know in advance the definition of the space on the land itself. RAT is the space above the land surface that is used for certain activities whose control, ownership, use and utilization are separate from the control, ownership, use and utilization of land plot. So, if for example we have ownership of right of management or any land rights, with a certain limit, there is also a space on the land separated from its underlying right.</p><p>To make it easier to imagine the meaning and visualization of the RAT and RBT, we can imagine the existence of different layers and dimensions in each segment where each layer has its own rules. The rights on (surface) land have their own provisions, as well as the RAT and RBT. This is different from the previous rule, where we can only have rights to 1 dimension, namely the rights over (surface) land.</p><figure class=\"image\"><img style=\"aspect-ratio:850/576;\" src=\"/assets/img/uploads/1708067401_Building-Legal-Space-3D-including-Premises-3D-Building-Common-Part-3D-and.png\" width=\"850\" height=\"576\"></figure><p>Then how is the granting of land rights/right of management in the upper land space? Is it true that we can have space?</p><p>Provisions regarding the granting of land rights/right of management on space on land are regulated in paragraph (4) of Job Creation Law. Under Article 146 of the Job Creation Law, land or space formed by space on land used for certain activities may be granted several rights, such as:</p><ul><li>right to build;&nbsp;</li><li>right of use; or&nbsp;</li><li>right of management.</li></ul><p>Then what about the limits of ownership of the upper land space? To what extent can the upper ground space be owned? By the holder of the right of management, the land is given in accordance with the basic building coefficient (KDB), building floor coefficient (KLB) and adjusted to the spatial plan. Therefore, this allows for different provisions in each region, province, and region, because of course each region will have different spatial plans.</p><p>Further provisions regarding RAT are regulated in the Government Regulation No. 18 of 2021 (GR 18/2021) which is divided into 4 parts, including:</p><ul><li>Part 1 (Articles 74 and 75 concerning upper space on land objects), regulates:</li></ul><ol><li>The use and utilization of land rights is limited by height limits according to the KDB and KLB;</li><li>The depth limit is regulated in the spatial plan or up to a depth of 30 (thirty) meters from the land surface in the event that it has not been regulated in the spatial plan;</li><li>If there is utilization of oil and gas resources as well as minerals and coal, land rights in the underground space cannot be granted.</li></ol><ul><li>Part 2 (Emergence of right of Management, Right to Build, Right of Use in the upper space on land)<br>These provisions are regulated in the second part of the GR 18/2021, namely, under the Articles 76 until 80;</li><li>Part 3 (Subject, Time Period, Encumbrance, Transfer, Release, Cancellation of Right of Management, Right to Build and Right of Use on upper space on land)</li></ul><p>Provisions regarding the subject, the period, assignment, transfer and release, and cancellation of right of management, right to build, and right of use shall apply <i>mutatis mutandis</i> to the provisions regarding the subject, time period, assignment, transfer and release, and cancellation of right of management, right to build, and the right to use over the RAT;</p><ul><li>Part 4 (Removal of Management Rights, Right to Build and Right of Use in RAT)</li></ul><p>Regarding the details of the provisions and several conditions related to the removal of right of management, right to build, and right of use are regulated in Articles 82 and 83 of GR 18/2021.<br>&nbsp;</p>');

-- --------------------------------------------------------

--
-- Table structure for table `users`
--

CREATE TABLE `users` (
  `id` int(11) NOT NULL,
  `email` varchar(100) NOT NULL,
  `password` varchar(255) NOT NULL,
  `created_at` timestamp NULL DEFAULT current_timestamp(),
  `updated_at` timestamp NULL DEFAULT current_timestamp() ON UPDATE current_timestamp()
) ENGINE=InnoDB DEFAULT CHARSET=utf8mb4 COLLATE=utf8mb4_general_ci;

--
-- Dumping data for table `users`
--

INSERT INTO `users` (`id`, `email`, `password`, `created_at`, `updated_at`) VALUES
(1, 'admin@mail.com', '$2y$10$bG4QsXup/sKlS0tD8Jv5l.NcgoUYP0ZH3S7B4X1LDIFA1ZhOE9sOu', '2024-01-27 14:11:39', '2024-01-28 01:45:41'),
(47, 'yantobudisusanto@gmail.com', '$2y$10$syLTNdl/hH288qSb9WqzCOjscBT1hLWPJN3R5ikH4P2g6FJDjNhXK', '2024-02-06 02:55:44', '2024-02-06 02:55:44');

--
-- Indexes for dumped tables
--

--
-- Indexes for table `critics`
--
ALTER TABLE `critics`
  ADD PRIMARY KEY (`id`);

--
-- Indexes for table `linked_uri`
--
ALTER TABLE `linked_uri`
  ADD KEY `FK_linked_uri_uri_table` (`id_keyword`),
  ADD KEY `FK_linked_uri_parcel_table` (`parcel_id`) USING BTREE;

--
-- Indexes for table `parcel_table`
--
ALTER TABLE `parcel_table`
  ADD PRIMARY KEY (`id`),
  ADD UNIQUE KEY `parcel_id` (`parcel_id`),
  ADD KEY `FK_parcel_table_residents_table` (`parcel_occupant`);

--
-- Indexes for table `residents_table`
--
ALTER TABLE `residents_table`
  ADD PRIMARY KEY (`id_resident`);

--
-- Indexes for table `uri_table`
--
ALTER TABLE `uri_table`
  ADD PRIMARY KEY (`id_keyword`),
  ADD UNIQUE KEY `slug` (`slug`);

--
-- Indexes for table `users`
--
ALTER TABLE `users`
  ADD PRIMARY KEY (`id`),
  ADD UNIQUE KEY `email` (`email`);

--
-- AUTO_INCREMENT for dumped tables
--

--
-- AUTO_INCREMENT for table `critics`
--
ALTER TABLE `critics`
  MODIFY `id` int(11) NOT NULL AUTO_INCREMENT, AUTO_INCREMENT=5;

--
-- AUTO_INCREMENT for table `parcel_table`
--
ALTER TABLE `parcel_table`
  MODIFY `id` int(11) NOT NULL AUTO_INCREMENT, AUTO_INCREMENT=921709;

--
-- AUTO_INCREMENT for table `residents_table`
--
ALTER TABLE `residents_table`
  MODIFY `id_resident` int(11) NOT NULL AUTO_INCREMENT, AUTO_INCREMENT=120;

--
-- AUTO_INCREMENT for table `uri_table`
--
ALTER TABLE `uri_table`
  MODIFY `id_keyword` int(11) NOT NULL AUTO_INCREMENT, AUTO_INCREMENT=46;

--
-- AUTO_INCREMENT for table `users`
--
ALTER TABLE `users`
  MODIFY `id` int(11) NOT NULL AUTO_INCREMENT, AUTO_INCREMENT=52;

--
-- Constraints for dumped tables
--

--
-- Constraints for table `linked_uri`
--
ALTER TABLE `linked_uri`
  ADD CONSTRAINT `FK_linked_uri_parcel_table` FOREIGN KEY (`parcel_id`) REFERENCES `parcel_table` (`parcel_id`) ON DELETE CASCADE ON UPDATE CASCADE,
  ADD CONSTRAINT `FK_linked_uri_uri_table` FOREIGN KEY (`id_keyword`) REFERENCES `uri_table` (`id_keyword`) ON DELETE CASCADE ON UPDATE CASCADE;

--
-- Constraints for table `parcel_table`
--
ALTER TABLE `parcel_table`
  ADD CONSTRAINT `FK_parcel_table_residents_table` FOREIGN KEY (`parcel_occupant`) REFERENCES `residents_table` (`id_resident`) ON DELETE SET NULL ON UPDATE CASCADE;
COMMIT;

/*!40101 SET CHARACTER_SET_CLIENT=@OLD_CHARACTER_SET_CLIENT */;
/*!40101 SET CHARACTER_SET_RESULTS=@OLD_CHARACTER_SET_RESULTS */;
/*!40101 SET COLLATION_CONNECTION=@OLD_COLLATION_CONNECTION */;
